epoch,step,tokens,loss,lr,grad_norm,dt,tok_per_sec
0.0030431991631202303,1,3579,2.1763995885849,7.607997907800576e-08,49.46566390991211,308.8134026527405,11.58952289394179
